--
-- Script de remplissage
-- Auteurs
-- Code permanent: JOUG08108901
-- Code permanent: PROM18118300
--
SPOOL resultats/insert.res

SET LINESIZE 160
SET ECHO ON

INSERT INTO Employe
 	VALUES('AAA', 111111111, '123 Maisonneuve', 1111111111, 'Chef de zone', 'Surveillance', 'Pronovost', 'Mathieu', '1983-11-18', Null)
/

INSERT INTO Employe
 	VALUES('AAB', 111155555, '555 Maisonneuve', 1111155555, 'Chef de zone', 'Surveillance', 'Provost', 'Emilie', '1983-08-20', 'Martine')
/

INSERT INTO Employe
 	VALUES('BBB', 111112222, '999 Brien', 1111122222, 'Surveillant', 'Surveillance', 'Hamel', 'Marie', '1980-08-13', 'Bertrand')
/

INSERT INTO Employe
 	VALUES('BBD', 777772222, '787 Brien', 7777722222, 'Surveillant', 'Surveillance', 'Miyamoto', 'Shigeru', '1945-08-24', Null)
/

INSERT INTO Employe
 	VALUES('CCC', 222222222, '444 Iberville', 2222222222, 'Secretaire', 'Administratif', 'Davignon', 'Julie', '1944-09-24', Null)
/

INSERT INTO Employe
 	VALUES('DDD', 33333333, '321 Mathieu', 3333333333, 'Comptable', 'Administratif', 'Strife', 'Cloud', '1985-12-15', Null)
/

INSERT INTO Employe
 	VALUES('EEE', 444444444, '555 Elizabeth', 4444444444, 'Chef du personnel', 'Administratif', 'Snake', 'Solid', '1972-11-18', Null)
/

INSERT INTO Employe
 	VALUES('FFF', 555555555, '888 Henri', 5555555555, 'Directeur', 'Administratif', 'Starr', 'Ringo', '1940-07-07', Null)
/

INSERT INTO Employe
 	VALUES('GGG', 666666666, '987 Richard', 6666666666, 'Veterinaire', 'Medical', 'Schwarzenegger', 'Arnold', '1947-07-30', Null)
/

INSERT INTO Employe
 	VALUES('HHH', 777777777, '222 Martin', 7777777777, 'Infirmiere', 'Medical', 'Stallone', 'Sylvester', '1946-07-06', Null)
/

INSERT INTO Salaire
 	VALUES('AAA', 1, 2300)
/

INSERT INTO Salaire
 	VALUES('AAA', 2, 2400)
/

INSERT INTO Salaire
 	VALUES('AAA', 3, 2500)
/

INSERT INTO Salaire
 	VALUES('AAA', 4, 2300)
/

INSERT INTO Salaire
 	VALUES('AAA', 5, 2700)
/

INSERT INTO Salaire
 	VALUES('AAA', 6, 3000)
/

INSERT INTO Salaire
 	VALUES('AAA', 7, 2350)
/

INSERT INTO Salaire
 	VALUES('AAA', 8, 2375)
/

INSERT INTO Salaire
 	VALUES('AAA', 9, 2500)
/

INSERT INTO Salaire
 	VALUES('AAA', 10, 2400)
/

INSERT INTO Salaire
 	VALUES('AAA', 11, 2800)
/

INSERT INTO Salaire
 	VALUES('AAA', 12, 2900)
/

INSERT INTO Salaire
 	VALUES('AAB', 1, 2300)
/

INSERT INTO Salaire
 	VALUES('AAB', 2, 2400)
/

INSERT INTO Salaire
 	VALUES('AAB', 3, 2500)
/

INSERT INTO Salaire
 	VALUES('AAB', 4, 2300)
/

INSERT INTO Salaire
 	VALUES('AAB', 5, 2700)
/

INSERT INTO Salaire
 	VALUES('AAB', 6, 3000)
/

INSERT INTO Salaire
 	VALUES('AAB', 7, 2350)
/

INSERT INTO Salaire
 	VALUES('AAB', 8, 2375)
/

INSERT INTO Salaire
 	VALUES('AAB', 9, 2500)
/

INSERT INTO Salaire
 	VALUES('AAB', 10, 2400)
/

INSERT INTO Salaire
 	VALUES('AAB', 11, 2800)
/

INSERT INTO Salaire
 	VALUES('AAB', 12, 2900)
/

INSERT INTO Salaire
 	VALUES('BBB', 1, 2300)
/

INSERT INTO Salaire
 	VALUES('BBB', 2, 2400)
/

INSERT INTO Salaire
 	VALUES('BBB', 3, 2500)
/

INSERT INTO Salaire
 	VALUES('BBB', 4, 2300)
/

INSERT INTO Salaire
 	VALUES('BBB', 5, 2700)
/

INSERT INTO Salaire
 	VALUES('BBB', 6, 3000)
/

INSERT INTO Salaire
 	VALUES('BBB', 7, 2350)
/

INSERT INTO Salaire
 	VALUES('BBB', 8, 2375)
/

INSERT INTO Salaire
 	VALUES('BBB', 9, 2500)
/

INSERT INTO Salaire
 	VALUES('BBB', 10, 2400)
/

INSERT INTO Salaire
 	VALUES('BBB', 11, 2800)
/

INSERT INTO Salaire
 	VALUES('BBB', 12, 2900)
/

INSERT INTO Salaire
 	VALUES('BBD', 1, 2300)
/

INSERT INTO Salaire
 	VALUES('BBD', 2, 2400)
/

INSERT INTO Salaire
 	VALUES('BBD', 3, 2500)
/

INSERT INTO Salaire
 	VALUES('BBD', 4, 2300)
/

INSERT INTO Salaire
 	VALUES('BBD', 5, 2700)
/

INSERT INTO Salaire
 	VALUES('BBD', 6, 3000)
/

INSERT INTO Salaire
 	VALUES('BBD', 7, 2350)
/

INSERT INTO Salaire
 	VALUES('BBD', 8, 2375)
/

INSERT INTO Salaire
 	VALUES('BBD', 9, 2500)
/

INSERT INTO Salaire
 	VALUES('BBD', 10, 2400)
/

INSERT INTO Salaire
 	VALUES('BBD', 11, 2800)
/

INSERT INTO Salaire
 	VALUES('BBD', 12, 2900)
/

INSERT INTO Salaire
 	VALUES('CCC', 1, 2300)
/

INSERT INTO Salaire
 	VALUES('CCC', 2, 2400)
/

INSERT INTO Salaire
 	VALUES('CCC', 3, 2500)
/

INSERT INTO Salaire
 	VALUES('CCC', 4, 2300)
/

INSERT INTO Salaire
 	VALUES('CCC', 5, 2700)
/

INSERT INTO Salaire
 	VALUES('CCC', 6, 3000)
/

INSERT INTO Salaire
 	VALUES('CCC', 7, 2350)
/

INSERT INTO Salaire
 	VALUES('CCC', 8, 2375)
/

INSERT INTO Salaire
 	VALUES('CCC', 9, 2500)
/

INSERT INTO Salaire
 	VALUES('CCC', 10, 2400)
/

INSERT INTO Salaire
 	VALUES('CCC', 11, 2800)
/

INSERT INTO Salaire
 	VALUES('CCC', 12, 2900)
/

INSERT INTO Salaire
 	VALUES('DDD', 1, 2300)
/

INSERT INTO Salaire
 	VALUES('DDD', 2, 2400)
/

INSERT INTO Salaire
 	VALUES('DDD', 3, 2500)
/

INSERT INTO Salaire
 	VALUES('DDD', 4, 2300)
/

INSERT INTO Salaire
 	VALUES('DDD', 5, 2700)
/

INSERT INTO Salaire
 	VALUES('DDD', 6, 3000)
/

INSERT INTO Salaire
 	VALUES('DDD', 7, 2350)
/

INSERT INTO Salaire
 	VALUES('DDD', 8, 2375)
/

INSERT INTO Salaire
 	VALUES('DDD', 9, 2500)
/

INSERT INTO Salaire
 	VALUES('DDD', 10, 2400)
/

INSERT INTO Salaire
 	VALUES('DDD', 11, 2800)
/

INSERT INTO Salaire
 	VALUES('DDD', 12, 2900)
/

INSERT INTO Salaire
 	VALUES('EEE', 1, 2300)
/

INSERT INTO Salaire
 	VALUES('EEE', 2, 2400)
/

INSERT INTO Salaire
 	VALUES('EEE', 3, 2500)
/

INSERT INTO Salaire
 	VALUES('EEE', 4, 2300)
/

INSERT INTO Salaire
 	VALUES('EEE', 5, 2700)
/

INSERT INTO Salaire
 	VALUES('EEE', 6, 3000)
/

INSERT INTO Salaire
 	VALUES('EEE', 7, 2350)
/

INSERT INTO Salaire
 	VALUES('EEE', 8, 2375)
/

INSERT INTO Salaire
 	VALUES('EEE', 9, 2500)
/

INSERT INTO Salaire
 	VALUES('EEE', 10, 2400)
/

INSERT INTO Salaire
 	VALUES('EEE', 11, 2800)
/

INSERT INTO Salaire
 	VALUES('EEE', 12, 2900)
/

INSERT INTO Salaire
 	VALUES('FFF', 1, 2300)
/

INSERT INTO Salaire
 	VALUES('FFF', 2, 2400)
/

INSERT INTO Salaire
 	VALUES('FFF', 3, 2500)
/

INSERT INTO Salaire
 	VALUES('FFF', 4, 2300)
/

INSERT INTO Salaire
 	VALUES('FFF', 5, 2700)
/

INSERT INTO Salaire
 	VALUES('FFF', 6, 3000)
/

INSERT INTO Salaire
 	VALUES('FFF', 7, 2350)
/

INSERT INTO Salaire
 	VALUES('FFF', 8, 2375)
/

INSERT INTO Salaire
 	VALUES('FFF', 9, 2500)
/

INSERT INTO Salaire
 	VALUES('FFF', 10, 2400)
/

INSERT INTO Salaire
 	VALUES('FFF', 11, 2800)
/

INSERT INTO Salaire
 	VALUES('FFF', 12, 2900)
/

INSERT INTO Salaire
 	VALUES('GGG', 1, 2300)
/

INSERT INTO Salaire
 	VALUES('GGG', 2, 2400)
/

INSERT INTO Salaire
 	VALUES('GGG', 3, 2500)
/

INSERT INTO Salaire
 	VALUES('GGG', 4, 2300)
/

INSERT INTO Salaire
 	VALUES('GGG', 5, 2700)
/

INSERT INTO Salaire
 	VALUES('GGG', 6, 3000)
/

INSERT INTO Salaire
 	VALUES('GGG', 7, 2350)
/

INSERT INTO Salaire
 	VALUES('GGG', 8, 2375)
/

INSERT INTO Salaire
 	VALUES('GGG', 9, 2500)
/

INSERT INTO Salaire
 	VALUES('GGG', 10, 2400)
/

INSERT INTO Salaire
 	VALUES('GGG', 11, 2800)
/

INSERT INTO Salaire
 	VALUES('GGG', 12, 2900)
/

INSERT INTO Salaire
 	VALUES('HHH', 1, 2300)
/

INSERT INTO Salaire
 	VALUES('HHH', 2, 2400)
/

INSERT INTO Salaire
 	VALUES('HHH', 3, 2500)
/

INSERT INTO Salaire
 	VALUES('HHH', 4, 2300)
/

INSERT INTO Salaire
 	VALUES('HHH', 5, 2700)
/

INSERT INTO Salaire
 	VALUES('HHH', 6, 3000)
/

INSERT INTO Salaire
 	VALUES('HHH', 7, 2350)
/

INSERT INTO Salaire
 	VALUES('HHH', 8, 2375)
/

INSERT INTO Salaire
 	VALUES('HHH', 9, 2500)
/

INSERT INTO Salaire
 	VALUES('HHH', 10, 2400)
/

INSERT INTO Salaire
 	VALUES('HHH', 11, 2800)
/

INSERT INTO Salaire
 	VALUES('HHH', 12, 2900)
/

INSERT INTO Mois
 	VALUES(1)
/

INSERT INTO Mois
 	VALUES(2)
/

INSERT INTO Mois
 	VALUES(3)
/

INSERT INTO Mois
 	VALUES(4)
/

INSERT INTO Mois
 	VALUES(5)
/

INSERT INTO Mois
 	VALUES(6)
/

INSERT INTO Mois
 	VALUES(7)
/

INSERT INTO Mois
 	VALUES(8)
/

INSERT INTO Mois
 	VALUES(9)
/

INSERT INTO Mois
 	VALUES(10)
/

INSERT INTO Mois
 	VALUES(11)
/

INSERT INTO Mois
 	VALUES(12)
/

INSERT INTO ChefDeZone
 	VALUES('AAA', 'Singes')
/

INSERT INTO ChefDeZone
 	VALUES('AAB', 'Reptiles')
/

INSERT INTO Zone
 	VALUES('Singes')
/

INSERT INTO Zone
 	VALUES('Reptiles')
/

INSERT INTO Zone
 	VALUES('Insectes')
/

INSERT INTO Zone
 	VALUES('Oiseaux')
/

INSERT INTO Zone
 	VALUES('Poissons')
/

INSERT INTO Zone
 	VALUES('Felins')
/

INSERT INTO Zone
 	VALUES('Polaire')
/

INSERT INTO Zone
 	VALUES('Tropicale')
/

INSERT INTO Choix
 	VALUES('Singes', 'BBB', 'favorite')
/

INSERT INTO Choix
	VALUES('Reptiles', 'BBB', 'favorite')
/

INSERT INTO Choix
	VALUES('Insectes', 'BBB', 'favorite')
/

INSERT INTO Choix
	VALUES('Oiseaux', 'BBB', 'non apprecie')
/

INSERT INTO Choix
	VALUES('Poissons', 'BBB', 'non apprecie')
/

INSERT INTO Choix
	VALUES('Felins', 'BBB', 'non apprecie')
/

INSERT INTO Choix
 	VALUES('Tropicale', 'BBD', 'favorite')
/

INSERT INTO Choix
	VALUES('Polaire', 'BBD', 'favorite')
/

INSERT INTO Choix
	VALUES('Felins', 'BBD', 'favorite')
/

INSERT INTO Choix
	VALUES('Poissons', 'BBD', 'non apprecie')
/

INSERT INTO Choix
	VALUES('Oiseaux', 'BBD', 'non apprecie')
/

INSERT INTO Choix
	VALUES('Insectes', 'BBD', 'non apprecie')
/

INSERT INTO Surveillant
	VALUES('BBB', 8.5, 'G1')
/

INSERT INTO Surveillant
	VALUES('BBD', 5.5, 'G2')
/

INSERT INTO Surveillance
	VALUES('2015-04-16', 'Singes', 1, 8, 'BBB')
/

INSERT INTO Surveillance
	VALUES('2015-04-17', 'Singes', 2, 9, 'BBB')
/

INSERT INTO Surveillance
	VALUES('2015-04-18', 'Singes', 3, 10, 'BBB')
/

INSERT INTO Surveillance
	VALUES('2015-04-17', 'Singes', 1, 9, 'BBB')
/

INSERT INTO Surveillance
	VALUES('2015-04-17', 'Singes', 1, 11, 'BBB')
/

INSERT INTO Surveillance
	VALUES('2015-04-19', 'Insectes', 2, 7, 'BBB')
/

INSERT INTO Surveillance
	VALUES('2015-04-19', 'Insectes', 1, 6, 'BBB')
/

INSERT INTO Surveillance
	VALUES('2015-04-17', 'Tropicale', 2, 9, 'BBD')
/

INSERT INTO Surveillance
	VALUES('2015-04-18', 'Tropicale', 1, 10, 'BBD')
/

INSERT INTO Surveillance
	VALUES('2015-04-19', 'Polaire', 1, 7, 'BBD')
/

INSERT INTO Surveillance
	VALUES('2015-04-20', 'Polaire', 2, 6, 'BBD')
/

INSERT INTO Surveillance
	VALUES('2015-04-16', 'Singes', 1, 9, 'BBD')
/

INSERT INTO Lotissement
	VALUES('Singes', 1)
/

INSERT INTO Lotissement
	VALUES('Singes', 2)
/

INSERT INTO Lotissement
	VALUES('Singes', 3)
/

INSERT INTO Lotissement
	VALUES('Singes', 4)
/

INSERT INTO Lotissement
	VALUES('Insectes', 1)
/

INSERT INTO Lotissement
	VALUES('Insectes', 2)
/

INSERT INTO Lotissement
	VALUES('Tropicale', 1)
/

INSERT INTO Lotissement
	VALUES('Tropicale', 2)
/

INSERT INTO Lotissement
	VALUES('Tropicale', 3)
/

INSERT INTO Lotissement
	VALUES('Polaire', 1)
/

INSERT INTO Lotissement
	VALUES('Polaire', 2)
/

INSERT INTO Individu
	VALUES(1, 'Bobo', 'A', '1983-11-18', Null, Null, Null, 'Babouin', 'Singes', 1)
/

INSERT INTO Individu
	VALUES(2, 'Baba', 'AB', '1984-11-18', Null, Null, Null, 'Babouin', 'Singes', 1)
/

INSERT INTO Individu
	VALUES(3, 'Bubu', 'B', '1995-11-18', Null, 1, 2, 'Babouin', 'Singes', 1)
/

INSERT INTO Individu
	VALUES(4, 'Bibi', 'B', '1985-11-18', '2005-11-18', 1, 2, 'Babouin', 'Singes', 1)
/

INSERT INTO Individu
	VALUES(5, 'Dude', 'B', '2007-11-18', '2008-11-18', Null, Null, 'Lion', 'Tropicale', 1)
/

INSERT INTO Mesures
	VALUES(1, '2015-01-18', 175, 183)
/

INSERT INTO Mesures
	VALUES(2, '2015-01-18', 220, 250)
/

INSERT INTO Mesures
	VALUES(3, '2015-01-18', 300, 200)
/

INSERT INTO Mesures
	VALUES(4, '2015-01-18', 185, 245)
/

INSERT INTO Espece
	VALUES('Babouin', Null)
/

INSERT INTO Espece
	VALUES('Fourmi Rouge', 100000)
/

INSERT INTO Espece
	VALUES('Lion', Null)
/

INSERT INTO Espece
	VALUES('Tigre', Null)
/

INSERT INTO Espece
	VALUES('Mouette', 500)
/

INSERT INTO Espece
	VALUES('Poisson Rouge', 5000)
/


COMMIT;

SET ECHO OFF
SET PAGESIZE 30

SPOOL OFF